title,company,location,salary,min_salary,max_salary,salary_period,average_salary,yearly_avg_salary
Python Developer,Nulinz Private Limited,"Remote in Salem, Tamil Nadu","₹15,000 - ₹20,000 a month",15000.0,20000.0,month,17500.0,210000.0
Python Developer,Zucol Group Of Companies,"Lal Kothi, Jaipur, Rajasthan",,,,,,
Python Training - Internship,A Plus Topper,Remote,"₹4,000 - ₹5,000 a month",4000.0,5000.0,month,4500.0,54000.0
Python/Django developer,Softices Consultancy Pvt Ltd,"Adajan, Surat, Gujarat","₹18,000 - ₹45,000 a month",18000.0,45000.0,month,31500.0,378000.0
Python Developer Intern,Miles Business India pvt. Ltd.,Remote,,,,,,
Python/Django Developer,xScientist Tech LLP,Remote,,,,,,
Python/Django Developer,Feather HR Solutions,"Nagercoil, Tamil Nadu","₹30,000 - ₹50,000 a month",30000.0,50000.0,month,40000.0,480000.0
Python Developer,client in excellent opportunity,Remote,"₹10,00,000 - ₹12,00,000 a year",1000000.0,1200000.0,year,1100000.0,1100000.0
Junior Python Developer-Contractual basis-Remote,CloudZurf Consultant,Remote,"₹10,00,000 - ₹15,00,000 a year",1000000.0,1500000.0,year,1250000.0,1250000.0
Python Developer,Prachas Technologies,Remote,,,,,,
Python Web Developer,Bold Group,Remote,"₹50,000 - ₹75,000 a month",50000.0,75000.0,month,62500.0,750000.0
Junior Python Developer,mindcraft Software Pvt Ltd,"Remote in Hyderabad, Telangana",,,,,,
Junior Python Developer,Acoustte Digital Services,"Panchkula, Haryana","₹7,000 - ₹10,000 a month",7000.0,10000.0,month,8500.0,102000.0
Python Developer,Infosys,"Pune, Maharashtra",,,,,,
Junior Python Developer (1+ Year Experienced),Eleanor Technologies Private Limited,"Bengaluru, Karnataka","₹8,086.00 - ₹30,836.59 a month",8086.0,30836.59,month,19461.295,233535.53999999998
Python Developer(Fresher),CXL Technologies,"Noida, Uttar Pradesh",,,,,,
Trainer for Students-Python Web Developer,KRION CONSULTING Pvt Ltd,"Mysuru, Karnataka",Part-time,,,,,
Python Developer Intern,Vibrace Technologies,"Coimbatore, Tamil Nadu","₹12,000 - ₹35,000 a month",12000.0,35000.0,month,23500.0,282000.0
PYTHON DEVELOPER,Emerinter,India,,,,,,
Python/Django Developer,Leanvia LLC,Remote,"Full-time
+1",,,,,
Junior Python Developer,rccenterprises,"Ambattur, Chennai, Tamil Nadu",,,,,,
Python Developer,CloudTechtiq Technologies Pvt. Ltd.,"Narayan Vihar, Jaipur, Rajasthan","₹25,000.85 - ₹35,000.89 a month",25000.85,35000.89,month,30000.87,360010.44
Python Developer Intern,Inmakes Infotech Pvt.Ltd,Remote,,,,,,
Python Developer,STR Softwares,Remote,"₹4,00,000 - ₹6,00,000 a year",400000.0,600000.0,year,500000.0,500000.0
Python developer fresher,"Altos Technologies Tidel Park, chennai","Remote in Chennai, Tamil Nadu","₹10,000 - ₹12,000 a month",10000.0,12000.0,month,11000.0,132000.0
Django Developer/Python/Rest API/ORM/Id:f0db,Gmware,"Bengaluru, Karnataka","₹25,000 - ₹36,400 a month",25000.0,36400.0,month,30700.0,368400.0
Python Developer Intern,Codehop Interfusion Private Limited,Remote,"₹1,000 a month",,,month,,
Junior Python Developer,HiPaaS Inc,"Thane, Maharashtra","₹20,000 - ₹40,000 a month",20000.0,40000.0,month,30000.0,360000.0
Python / Django Developer (Work from Home),Nestsoft technologies,Remote in India,,,,,,
Junior Python Developer,nCircle Tech,"Pune, Maharashtra",,,,,,
Python Developer,AppQuarterz Technologies,"Faridabad, Haryana",,,,,,
Python Developer,Prune digital,"Noida, Uttar Pradesh",Full-time,,,,,
"Python , Django Developer",Infosys,"Pune, Maharashtra",,,,,,
LLM Python Developer,Orion Solutions LLC,Remote,"₹16,00,000 - ₹30,00,000 a year",1600000.0,3000000.0,year,2300000.0,2300000.0
Python Developer,Canopus Infosystems Private Limited,Remote,,,,,,
Junior Python Developer,R. Wadiwala Security Pvt Ltd,"Piplod, Surat, Gujarat","₹20,00,000 - ₹24,00,000 a year",2000000.0,2400000.0,year,2200000.0,2200000.0
Python Developer,Infocom Software Pvt Ltd.,"Kochi, Kerala","₹25,000 - ₹45,000 a month",25000.0,45000.0,month,35000.0,420000.0
Python Developer,Swethan Consulting,Remote,,,,,,
Jr Python Developer,Veracity Software,Remote in India,,,,,,
Python Developer Intern,Regami Solutions,"Chennai, Tamil Nadu",,,,,,
Junior Python Developer,Asthra tevh,"Nagercoil, Tamil Nadu",,,,,,
Sr. Python Developer,Mobile Programming India Pvt. Ltd.,Remote,"Full-time
+1",,,,,
Sr. Python Developer(AIML),Appventurez Mobitech,"Delhi, Delhi","₹20,000 - ₹60,000 a month",20000.0,60000.0,month,40000.0,480000.0
Jr. Python + TWA Developer Remote (Contractual),R V Tech,Remote,"₹10,00,000 - ₹15,00,000 a year",1000000.0,1500000.0,year,1250000.0,1250000.0
Python Developer,Persistent Systems,Hybrid work in India,,,,,,
Python Developer,Bombay Softwares,"Bodakdev, Ahmedabad, Gujarat",,,,,,
Sr. Python Developer,IT Futurz,Remote,"₹80,000 - ₹95,000 a month",80000.0,95000.0,month,87500.0,1050000.0
Python Backend Developer,Descrptive Solutions Pvt. Ltd.,"Okhla, Delhi, Delhi","Full-time
+1",,,,,
Python Full Stack Developer,Blackcoffer (OPC) Pvt. Ltd,Remote,"₹10,000 - ₹12,000 a month",10000.0,12000.0,month,11000.0,132000.0
Python Developer Freshers,Nexus Jobs,"Raja Park, Jaipur, Rajasthan",,,,,,
Python Developer,TachyonHR,"Wanowrie, Pune, Maharashtra",,,,,,
Python Developer,Hammoq Inc,Remote,Full-time,,,,,
Python Developer,Infinevo Tech Private Limited,Remote,"₹45,000 - ₹70,000 a month",45000.0,70000.0,month,57500.0,690000.0
Python Full Stack Developer,Kiraj Traders Pvt Ltd,Remote,,,,,,
Python Developer (Experienced),Speqto Technologies pvt. ltd.,"Noida, Uttar Pradesh","₹15,000 - ₹20,000 a month",15000.0,20000.0,month,17500.0,210000.0
Python/Django Developer,Digital Innovations,Remote,,,,,,
Junior python developers,Aritha,"Bengaluru, Karnataka",,,,,,
Junior Python Developer,Subtlelabs Software Pvt Ltd,"Noida, Uttar Pradesh",,,,,,
Python Developer,Ewire Softtech Private Limited,"Kalamassery, Kochi, Kerala","From ₹20,000 a month",20000.0,,month,20000.0,240000.0
Junior Python Developer,Mukesh & Associates,"Salem, Tamil Nadu","₹30,000 - ₹50,000 a month",30000.0,50000.0,month,40000.0,480000.0
Junior Python Developer,Kirikaa Digital Pvt. Ltd.,"Durgapur, West Bengal",,,,,,
Junior Python Backend Developer,Finpoint,"Bengaluru, Karnataka",,,,,,
Python Developer,Notchup (formerly codemonk.ai),Remote,,,,,,
Python Developer Intern,Stokhos Research Capital LLP,"Noida, Uttar Pradesh",,,,,,
Python Developer Intern,Surepass Technologies,"Pitampura, Delhi, Delhi",,,,,,
Python Developer,Rimik Technologies,"Bharatpur, Rajasthan",Full-time,,,,,
Python Developer,Maastrix Solutions Pvt Ltd.,"Acharya Vihar, Bhubaneswar, Orissa","₹15,000 - ₹35,000 a month",15000.0,35000.0,month,25000.0,300000.0
Python Developer,Technology Next,Remote,,,,,,
Python Engineer,ScaleReal Technologies,Remote,Full-time,,,,,
Python & oops Developer,Wipro Limited,"Bengaluru, Karnataka",Full-time,,,,,
Python Developer,vInnovate Technologies,Remote,,,,,,
Junior Python Developer,Bombay Softwares,"Bodakdev, Ahmedabad, Gujarat",,,,,,
Python Developer,ZecData Technology,"Niranjanpur, Indore, Madhya Pradesh",,,,,,
Full Stack Python Developer,Veloris Pharmaceuticals Pvt. Ltd.,Remote,,,,,,
Python Developer Intern,Rivan Solutions,"Remote in Hyderabad, Telangana",,,,,,
Python Developer Intern,DIGI-LATERAL SOLUTIONS,"Malad, Mumbai, Maharashtra",,,,,,
python developer,Kiran Foreign Trade Pvt. Ltd.,"Mohali, Punjab",,,,,,
Python Developer + TWA,Excellent Opportunity,Remote,,,,,,
Junior Python Developer,Prime Minds Consulting Private Limited,"Hybrid work in Bengaluru, Karnataka",,,,,,
Python Developer Intern,CloudHouse Technologies Pvt.Ltd,"Koratti, Thrissur, Kerala","₹10,000 - ₹15,000 a month",10000.0,15000.0,month,12500.0,150000.0
Urgent Hiring For Python Developer - Mahape- All Sat Sun Off,3 Business,"Navi Mumbai, Maharashtra","₹15,000 - ₹35,000 a month",15000.0,35000.0,month,25000.0,300000.0
Python Developer,Warrior tech solutions,Remote,,,,,,
PYTHON DEVELOPER,Proeffico Solutions,"Remote in Noida, Uttar Pradesh",,,,,,
Junior Python Developer,SpiceSuite,Kerala,,,,,,
Python Developer Intern,FIN Infocom,"Nagole, Hyderabad, Telangana",,,,,,
Junior Python Developer,AGM Global Services LLP,"Calicut, Kerala",,,,,,
Python Developer,HashStudioz Technologies Pvt Ltd,"Noida, Uttar Pradesh","₹2,81,709.02 - ₹13,37,745.47 a year",281709.02,1337745.47,year,809727.245,809727.245
Python Developer,TestRight Nanosystems Private Limited,"Gandhinagar, Gujarat",,,,,,
Python Developer,Primotech,"Mohali, Punjab","₹30,000 - ₹40,000 a month",30000.0,40000.0,month,35000.0,420000.0
Python Developer,LeMeniz Technologies Pvt. Ltd.,"Puducherry, Puducherry",,,,,,
Python Developer (Web Scraping),Sciative - We Price Right,"Vashi, Navi Mumbai, Maharashtra",,,,,,
Python developer-Microservice architecture,Neural IT,"Airoli, Navi Mumbai, Maharashtra","₹50,000 - ₹60,000 a month",50000.0,60000.0,month,55000.0,660000.0
Python Developer,Tata Consultancy Services,"Bengaluru, Karnataka",,,,,,
Python/Django Developer Trainee,Shyena Tech Yarns Pvt Ltd,"Pune, Maharashtra",,,,,,
Python - Bigdata Developer,Virtusa,"Hybrid work in Pune, Maharashtra",Full-time,,,,,
Python Developer with Technical writing-Immediate Joiner,Nithminds Private limited,Remote,,,,,,
Python Developer,Geek Informatic & Technologies Private Limited,"Mohali, Punjab",,,,,,
Junior Python Developer,Alpha ICT,"Pune, Maharashtra",,,,,,
"Python Developer( Django, Flask, OpenAI) For Aligarh Uttar Pradesh",LetsCms,"Aligarh, Uttar Pradesh",,,,,,
Python Developer,Keypress IT Services,"Rajkot, Gujarat",,,,,,
Python/Django Developer,SSB,"Porur, Chennai, Tamil Nadu",,,,,,
Python Backend Developer,Agrisarathi innovation pvt ltd,"Saket, Delhi, Delhi",,,,,,
Python Developer,SnehVin Business Solutions,"Chandigarh, Chandigarh","₹12,66,396.58 - ₹20,00,000.00 a year",1266396.58,2000000.0,year,1633198.29,1633198.29
LLM SR Python Developer and TWA,BETA TRANSFORMATION IT SOLUTION,Remote,,,,,,
Python Developer - LLM + TWA,Javin Global,"Delhi, Delhi","Full-time
+1",,,,,
Junior Python Developer,PluginLive Technologies Private Limited,"Mumbai, Maharashtra",,,,,,
Python + AL Developer,Kadel Labs Private Limited,"Udaipur, Rajasthan",,,,,,
Python Developer/ Senior Consultant Specialist,HSBC,"Pune, Maharashtra","Full-time
+1",,,,,
Python Developer,PARAM Creative Solutions,"Pune, Maharashtra","₹2,50,000 - ₹3,00,000 a year",250000.0,300000.0,year,275000.0,275000.0
Python Developer,Variate Solar,"Narhe, Pune, Maharashtra",,,,,,
Junior Python Developer,MINDFUL TECH SOLUTIONS,"Visakhapatnam, Andhra Pradesh","₹12,000 - ₹18,000 a month",12000.0,18000.0,month,15000.0,180000.0
Python Developer,Finpro Technologies Pvt Ltd,"Hyderabad, Telangana",,,,,,
Python Developer,IndeedSEO,"Mohali, Punjab","₹15,000 - ₹40,000 a month",15000.0,40000.0,month,27500.0,330000.0
Python Backend Developer,Supabaord,"HSR Layout, Bengaluru, Karnataka",,,,,,
Flask - Python Developer,OWEBEST Technologies Pvt. Ltd.,"Jaipur, Rajasthan",,,,,,
Python Developer,LDS Engineers Pvt Ltd,"Delhi, Delhi",,,,,,
Sr. Python Developer,Surging Phoenix Enterprises,Remote,,,,,,
Python Web Developer,Qdeskdss,"Lucknow, Uttar Pradesh",,,,,,
Python/Django Developer,Nano Kernel Ltd,"Bengaluru, Karnataka",,,,,,
Python Developer (1-3 yrs),Limish,Remote,,,,,,
Python/Django Developer,Giraffic Info World,"Nagercoil, Tamil Nadu",,,,,,
Python Developer,Osp Labs,"Dahisar, Mumbai, Maharashtra",,,,,,
Django Python Developer,Vector 97 software and service private limited,"Gachibowli, Hyderabad, Telangana",,,,,,
Junior Python Developer,Nomos Insights,"Sarthana, Surat, Gujarat",,,,,,
Junior Support Engineer - Python,Codvo.ai,Remote,,,,,,
Looking for Python Developer - Full time(Night Shift),Intellecto Global Services,"Medavakkam, Chennai, Tamil Nadu","₹12,000 - ₹15,000 a month",12000.0,15000.0,month,13500.0,162000.0
Python Developer ( Internship cum Employment) (18 M Bond),Trackmind Systems Pvt.Ltd.,"Hyderabad, Telangana",,,,,,
Python Developer,Guitaa Technology Private Limited,"Mansarovar, Jaipur, Rajasthan",,,,,,
Python Developer,Prosares Solutions Pvt. Ltd.,"Malad, Mumbai, Maharashtra",,,,,,
Python/Django Developer,Raneso Global Pvt. Ltd.,"Harmu, Ranchi, Jharkhand",,,,,,
Fresher 0-1 yr Python Developer (API Developement),Blaash Gaming Solutions Private Limited,"Bengaluru, Karnataka","₹1,50,000 - ₹2,50,000 a year",150000.0,250000.0,year,200000.0,200000.0
Python/Django Developer,OneFin,"Bengaluru, Karnataka","₹6,00,000 - ₹16,00,000 a year",600000.0,1600000.0,year,1100000.0,1100000.0
Python/Django Developer,Trustmark Solution,"Ahmedabad, Gujarat",,,,,,
Python Developer,Evolv109,"Navi Mumbai, Maharashtra",,,,,,
Python Developer,My Air Deal,"Bengaluru, Karnataka","₹4,00,000 - ₹8,00,000 a year",400000.0,800000.0,year,600000.0,600000.0
Python Django Developer,Tech4Biz Solutions Pvt Ltd,"Bengaluru, Karnataka","₹16,202.34 - ₹37,616.17 a month",16202.34,37616.17,month,26909.254999999997,322911.05999999994
Python Full Stack Developer,QUEST INNOVATIVE SOLUTIONS,"Kochi, Kerala",,,,,,
Python Developer,Quytech,Remote,,,,,,
PYTHON DEVELOPER(AWS),TotHR Solutions,"Thiruvananthapuram, Kerala","Up to ₹10,00,000 a year",,1000000.0,year,1000000.0,1000000.0
Python Developer Intern,Webeaz Technologies Pvt Ltd.,"Calicut, Kerala",,,,,,
Python Developer,Digital Plus Solutions,Remote,,,,,,
Python Developer,"Intelliswift Software, Inc.","Bengaluru, Karnataka",,,,,,
Python Full Stack Developer,Centocode Technologies,Remote,,,,,,
Python Developer,Tricky Web Solutions Pvt Ltd,"Mohali, Punjab",Full-time,,,,,
Python Web Developer,Gritstone Technologies,"Calicut, Kerala",,,,,,
Python Developer,3leads Resources India Pvt Ltd,"Bengaluru, Karnataka",,,,,,
Python Developer,Wipro Limited,"Hyderabad, Telangana",Full-time,,,,,
Contract Python Developer - - Remote - Indian Timezone,Flipkoins,Remote,,,,,,
Senior Python Developer,Evolv109,"Gurugram, Haryana",,,,,,
Python developer,Rexcel IT Services,"Greater Noida, Uttar Pradesh",,,,,,
Python Full Stack Developer,Brandsmashers Tech,"Govindpura, Bhopal, Madhya Pradesh",,,,,,
Python Developer,iRoid Solutions,"Adajan, Surat, Gujarat",,,,,,
Python Developer,WebDesignCochin.in,"Remote in Kochi, Kerala",,,,,,
Python Developer,Rejoicehub LLP,"Mota Varachha, Surat, Gujarat","₹2,00,000 - ₹4,00,000 a year",200000.0,400000.0,year,300000.0,300000.0
Python Developer,PillarPlus,"Jaipur, Rajasthan",,,,,,
Python Developer,Lingaro Group,India,,,,,,
Python Consultant,Apstersoft Technologies,Remote,,,,,,
Python Developer,Habilelabs Pvt. Ltd.,"Jaipur, Rajasthan","₹10,00,000.04 - ₹16,00,000.91 a year",1000000.04,1600000.91,year,1300000.475,1300000.475
Python/Django Developer,Codezen Tech Solutions,"Andheri, Mumbai, Maharashtra",,,,,,
Python Developer,Idea Clan,"Chandigarh, Chandigarh",,,,,,
"Looking for Scala, Python, Bigdata, Hadoop Developer - Part time",Intellecto Global Services,Remote,,,,,,
Python Developer,BigShyft,"Pune, Maharashtra",,,,,,
Python Developer,Sunfocus Solutions Pvt Ltd,"Mohali, Punjab",,,,,,
Python developer,The prime source,Remote,,,,,,
"Back-end Developer, Python, Vue.js, Node, Larvel",Toolka enterprise software solution pvt. ltd.,Remote,,,,,,
Python Developer,DCKAP,Remote in India,,,,,,
Python Developer,Eastsons,India,,,,,,
Python Developer,IQZ Systems,Remote,,,,,,
Python/Django Developer,Alcyone Technologies Pvt. Ltd.,"Indore, Madhya Pradesh",,,,,,
Python Software Developer,The Tamarind Tree,"Bengaluru, Karnataka",,,,,,
Python Developer,Bricks Technologies Systems,India,,,,,,
Python Developer Intern,Nithish Software Soluctions Private Limited,"Visakhapatnam, Andhra Pradesh","₹5,000 - ₹10,000 a month",5000.0,10000.0,month,7500.0,90000.0
Python Developer,UnitedLayer,India,,,,,,
Sr. Python Developer,Executive Softway Guild India Private Limited,"Bengaluru, Karnataka",,,,,,
Python Developer,mind digital,India,,,,,,
Python - Django Developer,Techquadra Software Solutions,"Nagpur, Maharashtra",,,,,,
Python Developer,THC - The HR Company,"Gurgaon District, Haryana",Full-time,,,,,
Python Developer with AI,Technology Next,"Gurugram, Haryana",,,,,,
Python Developer,Affable Tech,"Noida, Uttar Pradesh",,,,,,
"Web Developer (Python, Django and AL/ML)",ATOM AVIATION SERVICES PRIVATE LIMITED,"Delhi, Delhi",,,,,,
Python/Django Developer,Ameotech Informatics,"Mohali, Punjab",Full-time,,,,,
Python/Django Developer,Ocode Technologies,"Mohali, Punjab",,,,,,
Python with AI/ML developer - Resource/Part time,Intellimindz Training Institute,Remote,,,,,,
Sr. Python Developer and Tester,Vtechys LLC,Remote,,,,,,
"Analyst - Python Developer, Bangalore",JPMorganChase,"Goregaon East, Mumbai, Maharashtra",Full-time,,,,,
Jr. Python Developer,Noviindus Technologies,"Calicut, Kerala",,,,,,
Python Developer,forktechnologies,"Vijayanagar, Bengaluru, Karnataka","From ₹14,00,000 a year",1400000.0,,year,1400000.0,1400000.0
Django and Python Developer,IDAMTAT TECHNOLOGIES & SERVICES LLP,"Bengaluru, Karnataka",,,,,,
Python Developer,Quickensol IT Solutions LLP,"Pune, Maharashtra",,,,,,
Python/Django Developer,Beinex Consulting Pvt Ltd,"Remote in Kochi, Kerala",,,,,,
Senior Python Developer,iTechnolabs,"Mohali, Punjab","₹50,000 - ₹90,000 a month",50000.0,90000.0,month,70000.0,840000.0
Python ML Developer,Infosys,"Bengaluru, Karnataka",,,,,,
Python Developer,SilentEight,"Remote in Bengaluru, Karnataka",,,,,,
Python Developer,techjays,Remote,,,,,,
Python Developer (Streamlit),InitiateFirst.,Remote,,,,,,
Python Developer(Web Scraping),Dreamwings Technologies,"Chennai, Tamil Nadu",,,,,,
Python Full Stack Developer,Rubikssyslabs,"Jayanagar, Bengaluru, Karnataka",,,,,,
Python Developer,Fortmindz Private Limited,"Salt Lake, Kolkata, West Bengal","Up to ₹30,000 a month",,30000.0,month,30000.0,360000.0
Senior Python Developer,GSN Solutions LLC,"Remote in Andra, Andhra Pradesh","₹12,00,000 - ₹25,00,000 a year",1200000.0,2500000.0,year,1850000.0,1850000.0
Senior Python Developer,Riverhouse Technologies,Remote,"₹5,88,330.58 - ₹16,92,940.43 a year",588330.58,1692940.43,year,1140635.505,1140635.505
Python/Django Developer,Techmark Corporation,"Nagpur, Maharashtra",,,,,,
Python Internship,AxisTechnoLab,"Ahmedabad, Gujarat",,,,,,
Python Developer Trainer,IQUE VENTURES,"Kozhikode District, Kerala","₹30,000 - ₹40,000 a month",30000.0,40000.0,month,35000.0,420000.0
Python Developer with ETL Tools,5datainc,Remote,,,,,,
Python + Cloud developer,ABFirst Pvt.Ltd,"Bengaluru, Karnataka",,,,,,
Jr. Python Developer,Openspace Services,"Mumbai, Maharashtra",,,,,,
Python Django Developer,QR Solutions,"Tiruchchirappalli, Tamil Nadu",,,,,,
Python Developer - Full time,QuinStreet,"Pune, Maharashtra",Full-time,,,,,
Python/Django Developer,Codesvera InfoTech Pvt. Ltd.,"Thiruvananthapuram, Kerala",,,,,,
Python/Django Developer,Mobile Programming India Pvt Ltd,"Bengaluru, Karnataka",,,,,,
Python Developer,Flipped.ai,"Bengaluru, Karnataka",,,,,,
Senior Python Developer,Inditech Intelligent Automation Solutions,Remote,,,,,,
Python/Django Developer,Acmedian,"Mumbai, Maharashtra",,,,,,
Junior Full Stack Developer -( Python/Reactjs),Sciative - We Price Right,"Vashi, Navi Mumbai, Maharashtra",,,,,,
Python Developer/AI Engineer,Giniminds Solutions Private Limited,"Bengaluru, Karnataka",,,,,,
Python Web Developer,Onprice Infotech,"Bhopal, Madhya Pradesh",,,,,,
Python Developer at Noida,Headhunterz,India,,,,,,
Senior Python Developer,Sigzen Technologies Private Limited,"Bopal, Ahmedabad, Gujarat","₹40,000 - ₹80,000 a month",40000.0,80000.0,month,60000.0,720000.0
Python Developer,e-Stone Information Technology,Remote,,,,,,
Python Developer,Aexonic Technologies,"Remote in Kharadi, Pune, Maharashtra",,,,,,
Python/Django Developer,Adhiran Infotech,"Chennai, Tamil Nadu",,,,,,
Python Developer,Elysium Technologies Private Limited,"Anna Nagar, Madurai, Tamil Nadu","Full-time
+1",,,,,
Sr. Python Developer,VWorker Solutions India Pvt Ltd,Remote,,,,,,
Senior Python Developer,HelixBeat,Remote,,,,,,
Python Developer (Web Scrapping),Virtual Connect,"Hyderabad, Telangana",,,,,,
Python/Django Developer,MindTrilogy IT Solutions Pvt. Ltd,"Hyderabad, Telangana",,,,,,
Senior Python Developer,Motifire Management Services Pvt. Ltd,Remote,,,,,,
Python/Django Developer,Inssyssol Technologies,"Kochi, Kerala",,,,,,
Python Django Developer,Rohini IT Consulting,"Pune, Maharashtra","₹10,00,000 - ₹20,00,000 a year",1000000.0,2000000.0,year,1500000.0,1500000.0
Senior Python Developer,Winning Edge,"Bengaluru, Karnataka","₹30,00,000 - ₹36,00,000 a year",3000000.0,3600000.0,year,3300000.0,3300000.0
Python Developer,Provanic,"Jabalpur, Madhya Pradesh",,,,,,
Python Full Stack Developer,UpSolve Solutions LLP,"Mumbai, Maharashtra","₹1,50,000 - ₹3,00,000 a year",150000.0,300000.0,year,225000.0,225000.0
Python/Django Developer,Logical Soft Tech Private Limited,"Indore, Madhya Pradesh",,,,,,
Python Developer,PradeepIT Consulting Services,Remote in India,,,,,,
Python Developer,AARA Technologies Private Limited,"Lucknow, Uttar Pradesh",,,,,,
Senior Python Developer,Wipro Limited,"Bengaluru, Karnataka",,,,,,
Python Developer – Fresher,qtech,"Mumbai, Maharashtra",,,,,,
Senior Python Developer,A2Z Hire,"Bengaluru, Karnataka",,,,,,
Python Developer Trainee,Cybrosys Technologies,Kerala,,,,,,
Python Developer,Techxperts,Gujarat,,,,,,
Python Developer,Surya Informatics,"Chennai, Tamil Nadu",,,,,,
Python Developer,Doxper,"Gurugram, Haryana",,,,,,
Python Developer(Data Science),Aexonic Technologies Pvt Ltd,Remote,,,,,,
Python Developer,Ahom Technologies,"Gurugram, Haryana",,,,,,
Python Developer,TotHR Solutions,"Kochi, Kerala",,,,,,
Python Developer,OneOnic Solutions,"Madhapar, Rajkot, Gujarat",,,,,,
Python Developer,Apollo Computer Education Ltd,"Pallavaram, Chennai, Tamil Nadu",,,,,,
Python Developer,Aynsoft,Delhi,,,,,,
Python Developer,Sarvadhi Solutions Pvt. Ltd,"Surat City, Surat, Gujarat",,,,,,
Python Developer,Intellect Outsource,"Thrissur, Kerala",,,,,,
Senior Developer – Risk Systems (Java & Python),VisionaryHire,Remote,"Up to ₹20,00,000 a year",,2000000.0,year,2000000.0,2000000.0
AI/ML Python Developer,Appventurez Mobitech,"Noida, Uttar Pradesh","Full-time
+1",,,,,
Python Developer,X-Byte Technolabs Pvt. Ltd.,"Ahmedabad, Gujarat",,,,,,
Python Developer,Peel-works,"Bengaluru, Karnataka",,,,,,
Python/Django Developer,AANSEACORE INC.,"Remote in Pune, Maharashtra",,,,,,
python spotfire developer,Testeem Solutions,Remote,"₹80,000 - ₹1,00,000 a month",80000.0,100000.0,month,90000.0,1080000.0
Python Developer,Webority Technologies,"Gurugram, Haryana",,,,,,
Python Developer,Zartek Technologies,"Kochi, Kerala",,,,,,
Python Developer,RedBeryl,"Pune, Maharashtra",,,,,,
Python Web Developer,Wisdom InfoSoft,"Nagar, Ranchi, Jharkhand",,,,,,
Python Developer,Aikyne Technology,"Chennai, Tamil Nadu",,,,,,
Sr. Python Developer-Contractual,Ekronne Recruitment Service,Remote,,,,,,
Python/Django Developer,Codigo Mantra,"Mohali, Punjab",,,,,,
Python Developer with Ansible Expertise,Caze Labs Private Limited,"Whitefield, Bengaluru, Karnataka",,,,,,
Python Developer,Pegasus,Rajasthan,,,,,,
Python Developer,FinByz Tech,"Ahmedabad, Gujarat",,,,,,
Python with Devops,Mantra labs Global software pvt ltd,"Bengaluru, Karnataka","Full-time
+1",,,,,
Python Developer,Ekfrazo Technologies,"Mumbai, Maharashtra",,,,,,
Python Full Stack Developer,webtone web technologies,"Pune, Maharashtra","₹1,00,000 - ₹1,40,000 a month",100000.0,140000.0,month,120000.0,1440000.0
Python Developer,Milestone Career Planner,"Hyderabad, Telangana",,,,,,
Python Developer,Excel Global Solutions,"Visakhapatnam, Andhra Pradesh",,,,,,
Jr. Python Developer,Marktine Technology Solutions,"Jaipur, Rajasthan",,,,,,
Python Developer,Aidewiser Soltek,"Bengaluru, Karnataka",,,,,,
Python Developer,Alita Infotech,"Surat, Gujarat",,,,,,
Python Full Stack Developer,eMedHub,Remote,,,,,,
Python Developer - Computer Vision,Warrior tech solutions,Remote,,,,,,
Senior Python Backend Developer,Innover,Remote,"₹25,00,000 - ₹30,00,000 a year",2500000.0,3000000.0,year,2750000.0,2750000.0
Sr. Python Developer,Trinesis Tech. Pvt. Ltd.,"Kharadi, Pune, Maharashtra","₹15,00,000 - ₹22,00,000 a year",1500000.0,2200000.0,year,1850000.0,1850000.0
Python Developer,Hamon Techonologies,"Calicut, Kerala",,,,,,
Backend Developer - Python,BigShyft,Remote in Delhi,,,,,,
Python Django Developer,Alten Calsoft Labs,"Bengaluru, Karnataka",,,,,,
Python Pyspark Developer,DataEconomy,"Pune, Maharashtra",,,,,,
Python Developer,Appsmediaz Technologies,"Ghaziabad, Uttar Pradesh",,,,,,
Python Developer Internship,mxpertz,"Indore, Madhya Pradesh",,,,,,
Python Developer,Parahit Technologies,"Delhi, Delhi",,,,,,
Jr Python Developer,WAHY LAB SOLUTIONS,"Kochi, Kerala",,,,,,
Python Developer,Appventurez Mobitech,"Noida, Uttar Pradesh",,,,,,
Python Developer,NTECH IT SOLUTIONS PRIVATE LIMITED,"Mumbai, Maharashtra",,,,,,
Python Developer,Sigma Solve Inc,"Ahmedabad, Gujarat",,,,,,
Python Developer,System Consultant Information India,Karnataka,,,,,,
Python Full stack Developer,Todquest Enterprises pvt ltd,Remote,,,,,,
Python Developer,oCode Technologies,"Mohali, Punjab",,,,,,
Python Developer,Litost India,"Greater Noida, Uttar Pradesh",,,,,,
Python Developer,S&P Global,"Gurugram, Haryana",,,,,,
PYTHON DEVELOPER Female,HELLO PROJECTS,"Gandhipuram, Coimbatore, Tamil Nadu","₹8,000 - ₹10,000 a month",8000.0,10000.0,month,9000.0,108000.0
"Full Stack developer with JAVA, SQL, ReAct, Python",Deutsche Bank,"Pune, Maharashtra",Full-time,,,,,
Python Developer,Tech2Edge Technology Solutions LLP,"Mumbai, Maharashtra",,,,,,
Python Developer,Parachute Technologies PVT LTD,"Chennai, Tamil Nadu",,,,,,
Python Developer,MBR Informatics,"Hyderabad, Telangana",,,,,,
Python/Django Developer,VIjayalakshmi thiyagarajan technologies private...,"T Nagar, Chennai, Tamil Nadu",,,,,,
Sr. Python Developer (Parttime),unitinfotech,"Mohali, Punjab",,,,,,
Hiring Python Developer,New media Guru Pvt. Ltd,"Gurugram, Haryana",,,,,,
Python Developer,Creative Thoughts Informatics,"Indore, Madhya Pradesh",,,,,,
Python-Django Developer - 1+ Experience,SplendorNet Technologies,"Pune, Maharashtra",,,,,,
"Full Stack Developer (React, Python, Typescript, JavaScript)",Infosys,"Bengaluru, Karnataka",,,,,,
Python/Django Developer,Ramyoz Solutions,"Mumbai, Maharashtra","Up to ₹50,000 a month",,50000.0,month,50000.0,600000.0
Python/Django Developer,Entrix Labs pvt ltd,"Technopark, Thiruvananthapuram, Kerala",,,,,,
Senior Python Developer,BigShyft,Remote,"₹15,00,000 - ₹22,50,000 a year",1500000.0,2250000.0,year,1875000.0,1875000.0
Python developer,Coherent Pixel Systems Pvt Ltd,"Chennai, Tamil Nadu",,,,,,
DET-RCE-Python-Java Developer-Senior-GDSF02,EY,"Bengaluru, Karnataka",,,,,,
Python Ignition Developer,PradeepIT Consulting Services,India,,,,,,
Python Developer,Zenoti,"Hyderabad, Telangana",,,,,,
Senior Software Developer- Python,Talentica Software India,"Pune, Maharashtra",,,,,,
Python Developer (Intern) - AI Automation,Nimesa Technologies,"Bengaluru, Karnataka",,,,,,
Python Developer,Blazeclan Technologies,"Pune, Maharashtra",Full-time,,,,,
Senior Python Developer,thoughtminds,"Kochi, Kerala",,,,,,
Python Developer,Dinero Software,"Mumbai, Maharashtra",,,,,,
Python Developer,Adhiran Infotech,"Chennai, Tamil Nadu",,,,,,
Python AI Developer,INNO FORCE SOLUATION PVT LTD,"Coimbatore, Tamil Nadu",,,,,,
Junior Python & Angular Developer,Trackmind Systems Pvt.Ltd.,"Hyderabad, Telangana",,,,,,
Python Developer,Anvistar IT Training Services,"Narhe, Pune, Maharashtra",,,,,,
Senior Python Developer,UST Global,"Bengaluru, Karnataka",,,,,,
Python C++ Developer,Incrust Software Pvt. Ltd.,"Bavdhan, Pune, Maharashtra",,,,,,
Senior Python Developer,S&P Global,"Gurugram, Haryana",,,,,,
Python Developer,IGLOBAL IMPACT ITES,"Durgapur, West Bengal",,,,,,
Python - Software Developer - Freelancing / Part time,Brand Animators,"Bengaluru, Karnataka",,,,,,
Senior Expert Python Developer,DataTerrain India Pvt Ltd. (www.dataterrain.com),"Chennai, Tamil Nadu","Up to ₹26,00,000 a year",,2600000.0,year,2600000.0,2600000.0
Consultant – Python Backend Developer,Genpact,"Noida, Uttar Pradesh",Full-time,,,,,
Python Developer,ERPDADDY Software Solutions,"Khandari, Agra, Uttar Pradesh",,,,,,
Python Full Stack Developer,VENSHA Techsoft Private Limited,"Bengaluru, Karnataka",,,,,,
Python Full Stack Developer,CornerTree Consulting,"Hyderabad, Telangana",,,,,,
Python Developer,TransPacific Software,"Remote in Vashi, Navi Mumbai, Maharashtra",,,,,,
python developer,rccenterprises,"Guindy, Chennai, Tamil Nadu",,,,,,
ERPNext/Python Developer,Sjain Ventures Limited,"Raipur, Chhattisgarh",,,,,,
Python Developer,Virtusa,"Hybrid work in Chennai, Tamil Nadu",,,,,,
Senior Python Developer,VrinsoftTechnology Pvt Ltd,"Ahmedabad, Gujarat",,,,,,
Python Developer,Fin Infocom,"Hyderabad, Telangana",,,,,,
Senior Python Developer,Habilelabs Pvt. Ltd.,"Jaipur, Rajasthan","₹10,00,000.04 - ₹16,00,000.91 a year",1000000.04,1600000.91,year,1300000.475,1300000.475
Python Django Developer(Back-End-Developer),Technobits Digital,"Vadodara, Gujarat",,,,,,
Python Developer,Skyline Infosys,"Indore, Madhya Pradesh",,,,,,
Python Full Stack Developer,SKILLSKONNECT,"Delhi, Delhi",,,,,,
Big Data Developer (Python and Spark),MNJ Software,Remote,,,,,,
Python Developer,Storilabs System Technologies LLP,"Calicut, Kerala",,,,,,
Odoo / Python Developer,Pragtech,"Pune, Maharashtra",,,,,,
Python Developer,Citta Solutions,Remote,,,,,,
Python Developer,Squareboat,"Gurugram, Haryana",,,,,,
Odoo Python Developer,prefortune softweb solution,"Rajkot, Gujarat",,,,,,
Developer Python,Agileblaze,"Calicut, Kerala",,,,,,
Python Developer,MNJ Software,Remote,,,,,,
Data Analyst with Python,NexaQ,Remote,,,,,,
Python Developer,Zenga TV,"Gurugram, Haryana",,,,,,
Python Developer,Day One Technologies,"Bengaluru, Karnataka",,,,,,
Python Developer,Coretus Technologies,"Rajkot, Gujarat",,,,,,
Python Senior Developer,Infosys,"Pune, Maharashtra",,,,,,
Python Developer,Techvariable,"Guwahati, Assam",,,,,,
Python Full Stack Developer,Asher IT Services,"Hyderabad, Telangana","₹15,00,000 - ₹20,00,000 a year",1500000.0,2000000.0,year,1750000.0,1750000.0
Python Developer,Oracle,"Hyderabad, Telangana",,,,,,
PYTHON DEVELOPER,Srishti Innovative,"Thiruvananthapuram, Kerala",,,,,,
Python developer,Rosemallow technologies,"Coimbatore, Tamil Nadu",,,,,,
Python Developer,Hupp Technologies,"Ahmedabad, Gujarat",,,,,,
Python Developer,CRISIL,"Mumbai, Maharashtra",,,,,,
Senior Python Developer,NLTS INDIA PVT LTD,"Navi Mumbai, Maharashtra","₹5,79,109.37 - ₹13,85,520.80 a year",579109.37,1385520.8,year,982315.085,982315.085
Sr. Python Developer,Mission Pools,"Banjara Hills, Hyderabad, Telangana",,,,,,
Python Developer,Cubet Techno Labs,"Kochi, Kerala",,,,,,
Python Developer,Splice Global Services,"Gurugram, Haryana",,,,,,
Sr. Python Developer,Appstrice Technologies,"Hyderabad, Telangana","₹15,39,178.71 - ₹17,27,887.52 a year",1539178.71,1727887.52,year,1633533.115,1633533.115
Python Developer,Alphabit Infoway,"Rajkot, Gujarat",,,,,,
Senior Python Developer,Richestsoft,"Mohali, Punjab","₹30,000 - ₹40,000 a month",30000.0,40000.0,month,35000.0,420000.0
Python Developer,Inexoft Technologies Pvt Ltd,"Cannanore, Kerala",,,,,,
Sr. Python Developer,NSPlus Technology Pvt. Ltd.,"Bengaluru, Karnataka",,,,,,
Python/Js Developer,Tradeboox,"Delhi, Delhi",,,,,,
"JAVA, Python, Perl Developer/Senior Consultant Specialist",HSBC,"Pune, Maharashtra","Full-time
+1",,,,,
Python Developer,Yatnam,"Kochi, Kerala",,,,,,
Lead Python Developer - Data Engg,Innover,Remote,,,,,,
Senior Python Developer,DifferentByte Technologies Pvt Ltd,"Kochi, Kerala","₹15,000.00 - ₹57,446.17 a month",15000.0,57446.17,month,36223.085,434677.02
Python Developer,WishFin,"Noida, Uttar Pradesh",,,,,,
Senior Python Developer,VSoft Consulting Pvt Ltd,"Nanakramguda, Hyderabad, Telangana","From ₹10,00,000 a year",1000000.0,,year,1000000.0,1000000.0
Python with scraping,Consultease,"Connaught Place, Delhi, Delhi","₹10,00,000 - ₹15,00,000 a year",1000000.0,1500000.0,year,1250000.0,1250000.0
Senior Python Developer,Bitcot Technologies Pvt Ltd,"Sowcarpet, Chennai, Tamil Nadu",,,,,,
Sr. Python Developer,Mythri Consulting LLC,"Chennai, Tamil Nadu",Full-time,,,,,
"Python Developer (Django, AWS, REST, SOAP, MongoDB)",Irisidea,Remote,,,,,,
Python Intern,Clovion Inc,"Nagercoil, Tamil Nadu","₹6,500.00 - ₹13,000.60 a month",6500.0,13000.6,month,9750.3,117003.59999999999
Python Full Stack Developer,Client of Peopleplease Consluting,"Vikhroli, Mumbai, Maharashtra",,,,,,
Python Developer,iNetFrame Technologies,"Bengaluru, Karnataka",,,,,,
Python Developer,Nile Technologies,Delhi,,,,,,
Senior Python Developer,Alpha ICT,"Pune, Maharashtra",,,,,,
Python Full Stack Developer,PIXL,"Gachibowli, Hyderabad, Telangana","From ₹80,000 a month",80000.0,,month,80000.0,960000.0
Full-stack Python Developer,Avinyaa EdTech,"Surat, Gujarat",,,,,,
Python Developer,VertexPlus Technologies,"Jaipur, Rajasthan",,,,,,
Python Developer,Cozentus Technologies,"Bhubaneswar, Orissa",,,,,,
Sr. Python Developer,Golden Eagle IT Technologies Pvt Ltd,"Hyderabad, Telangana","From ₹15,00,000 a year",1500000.0,,year,1500000.0,1500000.0
Senior Python Developer,SparkBrains Private Limited,"Chandigarh, Chandigarh","₹5,00,000 - ₹6,00,000 a year",500000.0,600000.0,year,550000.0,550000.0
Python Developer,Pattern Effects Labs,"Bengaluru, Karnataka",,,,,,
Python Developer,Technoarch Softwares,"Noida, Uttar Pradesh",,,,,,
Backend Developer (Python),Tyroo Technologies,"Gurugram, Haryana",,,,,,
Python Developer,Scienaptic Systems,"Bengaluru, Karnataka",,,,,,
Sr. Python Developer,Isotropic Solution Pvt Ltd,"Bengaluru, Karnataka","Full-time
+1",,,,,
PYTHON DEVELOPER – DJANGO/FLASK,SpanIdea Systems,"Bengaluru, Karnataka",,,,,,
Python developer,REGAN NETWORK HR SOLUTION,"Bengaluru, Karnataka",,,,,,
Python Developer,QuEST Global,"Bengaluru, Karnataka",Full-time,,,,,
Lead Python,Optim Hire (LAD Software Solutions Pvt LTd),"Pune, Maharashtra","₹8,00,000 - ₹18,00,000 a year",800000.0,1800000.0,year,1300000.0,1300000.0
Python Developer,APT Research,"Delhi, Delhi",,,,,,
Senior Python Developer,Virtusa,"Hybrid work in Pune, Maharashtra",Full-time,,,,,
LEAD Python Django Developer,Spacebar IVF (VIDAI),"Pune, Maharashtra",,,,,,
Senior Analyst - Tableau Developer/Python/Excel,CRISIL,"Pune, Maharashtra",Full-time,,,,,
Python Developer- CCAR- C10,Citi,"Mumbai, Maharashtra",,,,,,
Python Developer (3+ Years Experience),Infocom Software Pvt. Ltd.,"Kakkanad, Kochi, Kerala",,,,,,
Python developer (Frappe & ERPNext),Enlighten Schola,"Ahmedabad, Gujarat",,,,,,
Python Developer,RV Technologies Softwares,"Mohali, Punjab",,,,,,
Python Developer,AXAT Technologies,"Navi Mumbai, Maharashtra",,,,,,
Sr. Python Developer,Tridhya inovation,"Noida, Uttar Pradesh",,,,,,
Python/Django Developer,Capcee Technologies LLP,"Remote in Calicut, Kerala","From ₹15,000 a month",15000.0,,month,15000.0,180000.0
Python Architect,Wipro Limited,"Hyderabad, Telangana",Full-time,,,,,
Python Developer,IRIS Business Services,"Vashi, Navi Mumbai, Maharashtra",,,,,,
Python Django Developer,Emorphis Technologies,"Indore, Madhya Pradesh",Full-time,,,,,
Python Full Stack Developer,Medcal Consulting,"Kochi, Kerala",,,,,,
Senior Python Developer,Web Soft Dev,"Patna, Bihar","₹25,000 - ₹30,000 a month",25000.0,30000.0,month,27500.0,330000.0
LLM SR Python Developer And TWA(Freelancer/Consultant),Codevian Technologies,Remote,Freelance,,,,,
Python Intern,Sculpsoft,"Ahmedabad, Gujarat",,,,,,
Sr. Python Developer,Magicmind Technologies,"Kolkata, West Bengal","₹7,00,000 - ₹12,00,000 a year",700000.0,1200000.0,year,950000.0,950000.0
Python Developer,Ideal IT Techno,"Indore, Madhya Pradesh",,,,,,
Python Developer I,RealPage India,"Hyderabad, Telangana",,,,,,
Python Developer,Talentelgia Technologies,"Mohali, Punjab",,,,,,
Python Django Developer,Egenx Systech,"Pune, Maharashtra",,,,,,
Python Developer,AcmaSoft Web Solutions,"Mira Road, Thane, Maharashtra",,,,,,
Python Algo Trading Developer,Winbold,"Mumbai, Maharashtra",,,,,,
Python Developer - (Women Developers),Leegality,Remote in India,,,,,,
Python Developer,Blis,"Hybrid work in Mumbai, Maharashtra",,,,,,
Python Developer,YMTS India,"Tirupati, Andhra Pradesh",,,,,,
Python/Django Developer,Verificient Technologies,"Pune, Maharashtra",,,,,,
"Python/Django developer-Urgent required, Exp:- Min.6m to 1yrs",Ameotech Informatics,"Mohali, Punjab",,,,,,
Python Django Developer,Adagrad AI,"Pune, Maharashtra",,,,,,
Python Developer,PWS Information Technology,"Lucknow, Uttar Pradesh",,,,,,
Backend Engineer - NodeJS and Python (Remote),Onnica Pty Ltd,Remote,,,,,,
Python Developer,Movate,"Guindy, Chennai, Tamil Nadu",,,,,,
Staff Engineer (Python),Nagarro,"Gurugram, Haryana",Full-time,,,,,
Python Intern,Flasho Tech Private Limited,"Bhubaneswar, Orissa",,,,,,
Python Developer,Mindteck,"Bengaluru, Karnataka",,,,,,
Python Developer,Pixelstat eSolutions Development,"Hyderabad, Telangana",,,,,,
Python Developer,Techlift Technologies,"Pune, Maharashtra",,,,,,
Python Developer,Nliven Technologies,"Indore, Madhya Pradesh",,,,,,
Python Full Stack Developer,Soft Forum Solutation,"Ahmedabad, Gujarat",,,,,,
Python/DRF/MySQL Back-end Developer,Ramognee Technologies Pvt. Ltd.,"Gurugram, Haryana","₹10,00,000 - ₹12,00,000 a year",1000000.0,1200000.0,year,1100000.0,1100000.0
Python Django Developer,Say One,"Kochi, Kerala",,,,,,
Python/Django Developer (Experience - 4+ years ),CS Soft Solutions (I) PVT.LTD.,"Mohali, Punjab","₹30,000 - ₹60,000 a month",30000.0,60000.0,month,45000.0,540000.0
Python Full Stack Developer,Silverien business solutions,"Varthur, Bengaluru, Karnataka",,,,,,
Internships for Python / EmberJS Developers for eventyay.com,FOSSASIA,Remote,,,,,,
Sr. Python Developer,Optimum Data Analytics,Remote,,,,,,
Python Full Stack Developer,EV Software Solutions Private Limited,"Noida, Uttar Pradesh",,,,,,
PYTHON DEVELOPER,True Value Infosoft,"Jaipur, Rajasthan",,,,,,
Python/Django Developer,"IBIL Solutions, 1st Floor , Carnival Building ,...","Thiruvananthapuram, Kerala",,,,,,
Python Full Stack Developer,Devex Hub Pvt. Ltd.,"Mohali, Punjab",,,,,,
Python Full Stack Developer,AloftLabs AI Technologies Pvt Ltd,"Bengaluru, Karnataka",,,,,,
Senior Python Developer,UnORG,"Greater Noida, Uttar Pradesh",,,,,,
Python Developer – AI Development,TilliT Solutions,"Chennai, Tamil Nadu",,,,,,
Python Developer,NSOFT,"Pune, Maharashtra",,,,,,
Python Pyspark Developer,Virtusa,"Hybrid work in Bengaluru, Karnataka",Full-time,,,,,
SDET- Java Developer/Python Developer,Convera,"Pune, Maharashtra",,,,,,
Senior Analyst - R Shiny/Python Developer,CRISIL,"Pune, Maharashtra",,,,,,
Senior Python Developer,Hiringplug,"Pune, Maharashtra",,,,,,
Python Developer,GeakMinds,"Remote in Chennai, Tamil Nadu",,,,,,
Consultant - Software Developer(Python Developer),NeGD,"Delhi, Delhi",,,,,,
Python Developer,Aliqan Technologies,"Ahmedabad, Gujarat",,,,,,
Python/PySpark Developer,Predoole Analytics,"Pune, Maharashtra",,,,,,
Python Developer,Heptarc Technology Solution,India,Contractual / Temporary,,,,,
Full Stack Python Developer,XopunTech,"Bengaluru, Karnataka",,,,,,
Python Full Stack Developer,Investrick Securities India Pvt Ltd,"Nariman Point, Mumbai, Maharashtra",,,,,,
PYTHON DEVELOPER (3-6 Years),Novigo Solutions,"Remote in Bengaluru, Karnataka",,,,,,
Python Developer,Calsoft Inc.,"Pune, Maharashtra",,,,,,
